Trade #,Trade Type,Date,Price,Profit
1,Entry long,2023-12-18 07:50:00,4780.25,-
1,Exit long,2023-12-18 07:55:00,4780.0,-50
2,Entry long,2023-12-18 08:00:00,4779.0,-
2,Exit long,2023-12-18 08:05:00,4778.5,-100
3,Entry long,2023-12-18 08:10:00,4779.0,-
4,Entry long,2023-12-18 08:20:00,4779.25,-
5,Entry long,2023-12-18 08:30:00,4780.0,-
6,Entry long,2023-12-18 09:05:00,4776.75,-
6,Exit long,2023-12-18 09:10:00,4776.0,-150
7,Entry long,2023-12-18 09:30:00,4774.25,-
8,Entry long,2023-12-18 09:40:00,4776.25,-
9,Entry long,2023-12-18 12:00:00,4777.25,-
10,Entry long,2023-12-18 12:40:00,4774.75,-
11,Entry long,2023-12-18 12:50:00,4775.5,-
12,Entry long,2023-12-18 22:10:00,4789.25,-
13,Entry long,2023-12-18 22:20:00,4790.25,-
13,Exit long,2023-12-18 22:25:00,4790.0,-50
14,Entry long,2023-12-18 22:30:00,4790.25,-
14,Exit long,2023-12-18 22:35:00,4789.5,-150
15,Entry long,2023-12-18 22:45:00,4789.75,-
16,Entry long,2023-12-18 22:55:00,4790.25,-
16,Exit long,2023-12-19 00:00:00,4790.0,-50
17,Entry long,2023-12-19 00:05:00,4789.75,-
18,Entry long,2023-12-19 02:35:00,4789.25,-
19,Entry long,2023-12-19 05:45:00,4793.5,-
20,Entry long,2023-12-19 07:55:00,4793.0,-
20,Exit long,2023-12-19 08:00:00,4794.5,300
21,Entry long,2023-12-19 15:05:00,4800.0,-
21,Exit long,2023-12-19 15:10:00,4799.5,-100
22,Entry long,2023-12-19 15:25:00,4797.25,-
23,Entry long,2023-12-19 18:20:00,4810.25,-
24,Entry long,2023-12-19 18:35:00,4811.25,-
25,Entry long,2023-12-19 18:45:00,4812.0,-
26,Entry long,2023-12-20 05:15:00,4821.0,-
26,Exit long,2023-12-20 05:20:00,4820.5,-100
27,Entry long,2023-12-20 05:25:00,4820.75,-
28,Entry long,2023-12-20 05:35:00,4821.25,-
29,Entry long,2023-12-20 07:45:00,4820.5,-
30,Entry long,2023-12-20 07:55:00,4820.75,-
31,Entry long,2023-12-20 08:05:00,4821.25,-
31,Exit long,2023-12-20 08:10:00,4820.25,-200
32,Entry long,2023-12-20 08:15:00,4821.0,-
33,Entry long,2023-12-20 09:40:00,4816.5,-
33,Exit long,2023-12-20 09:45:00,4815.75,-150
34,Entry long,2023-12-20 09:50:00,4816.25,-
35,Entry long,2023-12-20 10:10:00,4811.75,-
36,Entry long,2023-12-20 10:20:00,4812.75,-
36,Exit long,2023-12-20 10:25:00,4812.0,-150
37,Entry long,2023-12-20 10:45:00,4812.0,-
38,Entry long,2023-12-20 10:55:00,4812.5,-
39,Entry long,2023-12-20 12:50:00,4810.5,-
40,Entry long,2023-12-20 13:10:00,4809.25,-
41,Entry long,2023-12-20 15:20:00,4808.0,-
42,Entry long,2023-12-20 20:05:00,4819.5,-
43,Entry long,2023-12-20 20:35:00,4806.0,-
43,Exit long,2023-12-20 20:40:00,4803.25,-550
44,Entry long,2023-12-20 20:45:00,4797.5,-
45,Entry long,2023-12-20 21:05:00,4768.75,-
46,Entry long,2023-12-20 21:15:00,4779.25,-
46,Exit long,2023-12-20 21:20:00,4770.75,"-1,700"
47,Entry long,2023-12-20 21:40:00,4768.0,-
48,Entry long,2023-12-20 22:00:00,4747.5,-
48,Exit long,2023-12-20 22:05:00,4745.0,-500
49,Entry long,2023-12-20 22:10:00,4746.5,-
50,Entry long,2023-12-20 22:20:00,4749.25,-
51,Entry long,2023-12-20 22:30:00,4750.25,-
51,Exit long,2023-12-20 22:35:00,4748.25,-400
52,Entry long,2023-12-20 22:40:00,4750.0,-
53,Entry long,2023-12-20 22:50:00,4752.25,-
54,Entry long,2023-12-21 11:30:00,4772.0,-
54,Exit long,2023-12-21 11:35:00,4770.0,-400
55,Entry long,2023-12-21 11:45:00,4770.25,-
56,Entry long,2023-12-21 12:00:00,4771.25,-
57,Entry long,2023-12-21 18:10:00,4762.75,-
58,Entry long,2023-12-21 18:20:00,4764.75,-
58,Exit long,2023-12-21 18:25:00,4762.75,-400
59,Entry long,2023-12-21 18:35:00,4764.5,-
60,Entry long,2023-12-21 18:45:00,4765.25,-
60,Exit long,2023-12-21 18:50:00,4761.75,-700
61,Entry long,2023-12-21 18:55:00,4762.25,-
62,Entry long,2023-12-21 19:05:00,4765.25,-
62,Exit long,2023-12-21 19:10:00,4764.0,-250
63,Entry long,2023-12-22 01:50:00,4792.25,-
63,Exit long,2023-12-22 01:55:00,4791.75,-100
64,Entry long,2023-12-22 02:50:00,4789.75,-
65,Entry long,2023-12-22 03:05:00,4789.75,-
66,Entry long,2023-12-22 03:45:00,4789.75,-
66,Exit long,2023-12-22 03:50:00,4790.5,150
67,Entry long,2023-12-22 06:50:00,4788.25,-
67,Exit long,2023-12-22 06:55:00,4787.0,-250
68,Entry long,2023-12-22 07:00:00,4787.5,-
68,Exit long,2023-12-22 07:05:00,4786.0,-300
69,Entry long,2023-12-22 07:15:00,4785.75,-
70,Entry long,2023-12-22 11:40:00,4791.5,-
71,Entry long,2023-12-22 17:00:00,4807.0,-
72,Entry long,2023-12-22 17:10:00,4810.5,-
73,Entry long,2023-12-22 17:50:00,4809.25,-
74,Entry long,2023-12-22 20:05:00,4801.5,-
75,Entry long,2023-12-22 20:30:00,4788.75,-
76,Entry long,2023-12-22 22:25:00,4800.0,-
76,Exit long,2023-12-22 22:30:00,4799.75,-50
77,Entry long,2023-12-22 22:50:00,4798.25,-
78,Entry long,2023-12-26 01:45:00,4807.25,-
79,Entry long,2023-12-26 01:55:00,4807.25,-
79,Exit long,2023-12-26 02:00:00,4806.25,-200
80,Entry long,2023-12-26 02:05:00,4807.0,-
81,Entry long,2023-12-26 05:40:00,4810.25,-
81,Exit long,2023-12-26 05:45:00,4811.0,150
82,Entry long,2023-12-26 10:25:00,4811.25,-
83,Entry long,2023-12-26 13:05:00,4808.5,-
83,Exit long,2023-12-26 13:10:00,4807.75,-150
84,Entry long,2023-12-26 13:15:00,4808.25,-
85,Entry long,2023-12-26 22:30:00,4825.25,-
86,Entry long,2023-12-26 22:40:00,4826.5,-
87,Entry long,2023-12-27 01:30:00,4825.0,-
88,Entry long,2023-12-27 01:40:00,4825.25,-
88,Exit long,2023-12-27 01:45:00,4824.75,-100
89,Entry long,2023-12-27 02:00:00,4824.0,-
90,Entry long,2023-12-27 02:15:00,4824.5,-
90,Exit long,2023-12-27 02:20:00,4824.0,-100
91,Entry long,2023-12-27 02:30:00,4823.25,-
92,Entry long,2023-12-27 04:50:00,4824.0,-
93,Entry long,2023-12-27 05:00:00,4824.0,-
94,Entry long,2023-12-27 09:05:00,4823.0,-
95,Entry long,2023-12-27 09:15:00,4824.0,-
96,Entry long,2023-12-27 10:45:00,4823.0,-
97,Entry long,2023-12-27 13:10:00,4822.25,-
98,Entry long,2023-12-27 15:25:00,4822.0,-
99,Entry long,2023-12-27 16:50:00,4820.75,-
100,Entry long,2023-12-27 17:10:00,4821.0,-
101,Entry long,2023-12-27 18:50:00,4822.5,-
101,Exit long,2023-12-27 18:55:00,4822.75,50
102,Entry long,2023-12-27 20:15:00,4821.75,-
103,Entry long,2023-12-27 20:45:00,4822.0,-
103,Exit long,2023-12-27 20:50:00,4819.75,-450
104,Entry long,2023-12-27 20:55:00,4822.5,-
105,Entry long,2023-12-28 04:30:00,4838.75,-
106,Entry long,2023-12-28 04:40:00,4839.0,-
107,Entry long,2023-12-28 09:15:00,4838.5,-
107,Exit long,2023-12-28 09:20:00,4837.25,-250
108,Entry long,2023-12-28 09:25:00,4837.75,-
108,Exit long,2023-12-28 09:30:00,4837.0,-150
109,Entry long,2023-12-28 09:45:00,4836.5,-
110,Entry long,2023-12-28 10:05:00,4834.25,-
110,Exit long,2023-12-28 10:10:00,4833.5,-150
111,Entry long,2023-12-28 10:15:00,4834.5,-
112,Entry long,2023-12-28 10:25:00,4834.75,-
113,Entry long,2023-12-28 10:35:00,4834.75,-
113,Exit long,2023-12-28 10:40:00,4834.25,-100
114,Entry long,2023-12-28 10:55:00,4833.75,-
115,Entry long,2023-12-28 15:05:00,4830.5,-
116,Entry long,2023-12-28 15:15:00,4831.5,-
117,Entry long,2023-12-28 17:35:00,4832.75,-
118,Entry long,2023-12-28 21:10:00,4833.25,-
119,Entry long,2023-12-28 21:30:00,4834.25,-
120,Entry long,2023-12-29 02:10:00,4834.25,-
120,Exit long,2023-12-29 02:15:00,4835.0,150
121,Entry long,2023-12-29 05:25:00,4835.25,-
122,Entry long,2023-12-29 10:30:00,4837.25,-
122,Exit long,2023-12-29 10:35:00,4836.5,-150
123,Entry long,2023-12-29 10:45:00,4835.5,-
123,Exit long,2023-12-29 10:50:00,4835.0,-100
124,Entry long,2023-12-29 11:00:00,4834.5,-
124,Exit long,2023-12-29 11:05:00,4834.25,-50
125,Entry long,2023-12-29 11:10:00,4834.75,-
125,Exit long,2023-12-29 11:15:00,4833.5,-250
126,Entry long,2023-12-29 11:25:00,4833.5,-
127,Entry long,2023-12-29 11:35:00,4835.0,-
128,Entry long,2023-12-29 13:10:00,4832.0,-
129,Entry long,2023-12-29 13:20:00,4832.5,-
129,Exit long,2023-12-29 13:25:00,4831.5,-200
130,Entry long,2023-12-29 13:40:00,4830.5,-
130,Exit long,2023-12-29 13:45:00,4829.75,-150
131,Entry long,2023-12-29 13:50:00,4830.25,-
132,Entry long,2023-12-29 14:05:00,4832.0,-
132,Exit long,2023-12-29 14:10:00,4830.0,-400
133,Entry long,2023-12-29 15:15:00,4829.75,-
133,Exit long,2023-12-29 15:20:00,4829.25,-100
134,Entry long,2023-12-29 16:45:00,4818.75,-
135,Entry long,2023-12-29 16:55:00,4818.75,-
136,Entry long,2023-12-29 17:15:00,4810.5,-
136,Exit long,2023-12-29 17:20:00,4807.0,-700
137,Entry long,2023-12-29 17:35:00,4805.75,-
138,Entry long,2023-12-29 17:45:00,4808.5,-
139,Entry long,2023-12-29 18:15:00,4802.5,-
140,Entry long,2023-12-29 18:25:00,4799.75,-
141,Entry long,2023-12-29 22:20:00,4814.25,-
142,Entry long,2023-12-29 22:45:00,4814.25,-
143,Entry long,2024-01-02 01:30:00,4819.5,-
144,Entry long,2024-01-02 03:35:00,4818.75,-
145,Entry long,2024-01-02 07:20:00,4821.5,-
145,Exit long,2024-01-02 07:25:00,4821.25,-50
146,Entry long,2024-01-02 07:35:00,4820.25,-
147,Entry long,2024-01-02 08:00:00,4820.5,-
148,Entry long,2024-01-02 10:25:00,4820.25,-
149,Entry long,2024-01-02 10:40:00,4817.75,-
150,Entry long,2024-01-02 10:55:00,4816.5,-
151,Entry long,2024-01-02 11:15:00,4815.25,-
152,Entry long,2024-01-02 11:30:00,4814.75,-
153,Entry long,2024-01-02 12:15:00,4798.25,-
154,Entry long,2024-01-02 12:35:00,4788.75,-
155,Entry long,2024-01-02 12:45:00,4790.25,-
156,Entry long,2024-01-02 12:55:00,4791.5,-
156,Exit long,2024-01-02 13:00:00,4789.25,-450
157,Entry long,2024-01-02 13:10:00,4790.0,-
157,Exit long,2024-01-02 13:15:00,4786.25,-750
158,Entry long,2024-01-02 13:20:00,4788.25,-
159,Entry long,2024-01-02 13:30:00,4788.0,-
159,Exit long,2024-01-02 13:35:00,4786.0,-400
160,Entry long,2024-01-02 13:50:00,4782.0,-
161,Entry long,2024-01-02 14:00:00,4781.5,-
162,Entry long,2024-01-02 14:20:00,4779.75,-
163,Entry long,2024-01-02 14:35:00,4782.25,-
163,Exit long,2024-01-02 14:40:00,4782.75,100
164,Entry long,2024-01-02 16:40:00,4779.0,-
165,Entry long,2024-01-02 19:05:00,4784.5,-
166,Entry long,2024-01-02 19:15:00,4787.75,-
167,Entry long,2024-01-02 20:05:00,4778.25,-
168,Entry long,2024-01-02 20:25:00,4779.5,-
168,Exit long,2024-01-02 20:30:00,4778.0,-300
169,Entry long,2024-01-02 20:50:00,4771.75,-
169,Exit long,2024-01-02 20:55:00,4769.75,-400
170,Entry long,2024-01-02 21:00:00,4766.75,-
171,Entry long,2024-01-02 21:10:00,4767.0,-
172,Entry long,2024-01-02 21:20:00,4769.5,-
172,Exit long,2024-01-02 21:25:00,4769.75,50
173,Entry long,2024-01-02 21:30:00,4770.0,-
173,Exit long,2024-01-02 21:35:00,4768.5,-300
174,Entry long,2024-01-02 21:40:00,4771.25,-
175,Entry long,2024-01-03 01:10:00,4788.5,-
176,Entry long,2024-01-03 01:50:00,4786.5,-
176,Exit long,2024-01-03 01:55:00,4786.25,-50
177,Entry long,2024-01-03 02:00:00,4786.5,-
178,Entry long,2024-01-03 02:15:00,4786.25,-
179,Entry long,2024-01-03 02:25:00,4786.5,-
179,Exit long,2024-01-03 02:30:00,4786.25,-50
180,Entry long,2024-01-03 02:40:00,4786.25,-
181,Entry long,2024-01-03 03:25:00,4785.0,-
182,Entry long,2024-01-03 03:35:00,4785.25,-
183,Entry long,2024-01-03 05:10:00,4784.75,-
183,Exit long,2024-01-03 05:15:00,4784.5,-50
184,Entry long,2024-01-03 05:40:00,4784.0,-
184,Exit long,2024-01-03 05:45:00,4783.75,-50
185,Entry long,2024-01-03 06:10:00,4782.75,-
186,Entry long,2024-01-03 06:25:00,4782.75,-
187,Entry long,2024-01-03 10:05:00,4778.75,-
187,Exit long,2024-01-03 10:10:00,4778.5,-50
188,Entry long,2024-01-03 10:15:00,4778.75,-
189,Entry long,2024-01-03 10:25:00,4779.5,-
189,Exit long,2024-01-03 10:30:00,4779.0,-100
190,Entry long,2024-01-03 10:35:00,4779.5,-
190,Exit long,2024-01-03 10:40:00,4777.25,-450
191,Entry long,2024-01-03 10:50:00,4776.5,-
191,Exit long,2024-01-03 10:55:00,4775.5,-200
192,Entry long,2024-01-03 11:00:00,4776.25,-
193,Entry long,2024-01-03 11:10:00,4777.25,-
193,Exit long,2024-01-03 11:15:00,4775.75,-300
194,Entry long,2024-01-03 12:40:00,4772.5,-
195,Entry long,2024-01-03 12:55:00,4772.75,-
195,Exit long,2024-01-03 13:00:00,4770.75,-400
196,Entry long,2024-01-03 13:05:00,4770.5,-
196,Exit long,2024-01-03 13:10:00,4769.5,-200
197,Entry long,2024-01-03 13:25:00,4768.25,-
198,Entry long,2024-01-03 13:45:00,4767.75,-
199,Entry long,2024-01-03 14:05:00,4767.5,-
200,Entry long,2024-01-03 15:25:00,4764.25,-
200,Exit long,2024-01-03 15:30:00,4761.25,-600
201,Entry long,2024-01-03 15:40:00,4761.75,-
202,Entry long,2024-01-03 15:55:00,4759.5,-
203,Entry long,2024-01-03 16:20:00,4754.0,-
204,Entry long,2024-01-03 16:50:00,4749.0,-
205,Entry long,2024-01-03 18:20:00,4751.25,-
205,Exit long,2024-01-03 18:25:00,4755.25,800
206,Entry long,2024-01-03 20:10:00,4754.75,-
207,Entry long,2024-01-03 21:35:00,4754.5,-
207,Exit long,2024-01-03 21:40:00,4749.25,"-1,050"
208,Entry long,2024-01-03 21:50:00,4742.25,-
209,Entry long,2024-01-03 22:00:00,4746.0,-
209,Exit long,2024-01-03 22:05:00,4745.5,-100
210,Entry long,2024-01-03 22:10:00,4746.5,-
211,Entry long,2024-01-03 22:25:00,4746.25,-
212,Entry long,2024-01-03 22:40:00,4747.25,-
213,Entry long,2024-01-04 01:10:00,4747.5,-
214,Entry long,2024-01-04 06:10:00,4749.25,-
215,Entry long,2024-01-04 06:35:00,4748.5,-
215,Exit long,2024-01-04 06:40:00,4748.25,-50
216,Entry long,2024-01-04 06:50:00,4748.5,-
217,Entry long,2024-01-04 07:00:00,4748.5,-
218,Entry long,2024-01-04 07:10:00,4748.5,-
218,Exit long,2024-01-04 07:15:00,4749.5,200
219,Entry long,2024-01-04 10:10:00,4750.0,-
220,Entry long,2024-01-04 13:05:00,4745.25,-
221,Entry long,2024-01-04 13:15:00,4747.75,-
222,Entry long,2024-01-04 14:40:00,4743.25,-
223,Entry long,2024-01-04 14:50:00,4745.75,-
223,Exit long,2024-01-04 14:55:00,4743.0,-550
224,Entry long,2024-01-04 15:05:00,4743.75,-
225,Entry long,2024-01-04 15:25:00,4739.5,-
226,Entry long,2024-01-04 18:15:00,4752.75,-
226,Exit long,2024-01-04 18:20:00,4751.25,-300
227,Entry long,2024-01-04 18:25:00,4752.75,-
227,Exit long,2024-01-04 18:30:00,4748.75,-800
228,Entry long,2024-01-04 18:35:00,4750.75,-
228,Exit long,2024-01-04 18:40:00,4746.75,-800
229,Entry long,2024-01-04 18:45:00,4746.5,-
230,Entry long,2024-01-04 18:55:00,4747.75,-
231,Entry long,2024-01-04 19:20:00,4748.5,-
232,Entry long,2024-01-04 20:30:00,4742.5,-
232,Exit long,2024-01-04 20:35:00,4741.5,-200
233,Entry long,2024-01-04 20:45:00,4742.75,-
234,Entry long,2024-01-04 21:55:00,4729.75,-
235,Entry long,2024-01-04 22:15:00,4729.75,-
236,Entry long,2024-01-04 22:25:00,4732.0,-
237,Entry long,2024-01-04 22:40:00,4732.5,-
238,Entry long,2024-01-05 03:50:00,4733.5,-
239,Entry long,2024-01-05 06:25:00,4730.75,-
240,Entry long,2024-01-05 06:35:00,4731.0,-
241,Entry long,2024-01-05 06:50:00,4730.75,-
241,Exit long,2024-01-05 06:55:00,4730.25,-100
242,Entry long,2024-01-05 07:20:00,4729.0,-
242,Exit long,2024-01-05 07:25:00,4728.25,-150
243,Entry long,2024-01-05 07:40:00,4723.25,-
244,Entry long,2024-01-05 07:55:00,4725.5,-
245,Entry long,2024-01-05 08:10:00,4726.25,-
246,Entry long,2024-01-05 10:05:00,4719.75,-
247,Entry long,2024-01-05 10:45:00,4719.5,-
248,Entry long,2024-01-05 11:00:00,4719.0,-
249,Entry long,2024-01-05 11:40:00,4717.25,-
249,Exit long,2024-01-05 11:45:00,4715.25,-400
250,Entry long,2024-01-05 12:35:00,4713.5,-
251,Entry long,2024-01-05 17:50:00,4745.0,-
251,Exit long,2024-01-05 17:55:00,4743.25,-350
252,Entry long,2024-01-05 18:10:00,4734.0,-
253,Entry long,2024-01-05 18:25:00,4729.0,-
253,Exit long,2024-01-05 18:30:00,4727.0,-400
254,Entry long,2024-01-05 18:35:00,4730.25,-
255,Entry long,2024-01-05 18:50:00,4732.0,-
255,Exit long,2024-01-05 18:55:00,4730.75,-250
256,Entry long,2024-01-05 19:20:00,4727.0,-
256,Exit long,2024-01-05 19:25:00,4734.0,"1,400"
257,Entry long,2024-01-05 20:55:00,4723.5,-
258,Entry long,2024-01-05 21:05:00,4724.5,-
259,Entry long,2024-01-05 21:25:00,4724.75,-
260,Entry long,2024-01-05 21:35:00,4725.0,-
261,Entry long,2024-01-08 02:55:00,4736.5,-
262,Entry long,2024-01-08 03:10:00,4735.25,-
263,Entry long,2024-01-08 03:25:00,4734.5,-
264,Entry long,2024-01-08 03:40:00,4734.5,-
265,Entry long,2024-01-08 03:50:00,4734.75,-
266,Entry long,2024-01-08 04:10:00,4733.0,-
267,Entry long,2024-01-08 04:20:00,4733.25,-
267,Exit long,2024-01-08 04:25:00,4732.75,-100
268,Entry long,2024-01-08 04:40:00,4731.0,-
269,Entry long,2024-01-08 04:55:00,4731.25,-
269,Exit long,2024-01-08 05:00:00,4730.75,-100
270,Entry long,2024-01-08 05:10:00,4731.25,-
271,Entry long,2024-01-08 06:40:00,4730.25,-
272,Entry long,2024-01-08 10:25:00,4722.0,-
273,Entry long,2024-01-08 10:35:00,4717.75,-
274,Entry long,2024-01-08 10:45:00,4723.25,-
275,Entry long,2024-01-09 00:10:00,4797.5,-
275,Exit long,2024-01-09 00:15:00,4797.0,-100
276,Entry long,2024-01-09 00:25:00,4796.75,-
277,Entry long,2024-01-09 00:35:00,4796.75,-
278,Entry long,2024-01-09 00:45:00,4797.25,-
279,Entry long,2024-01-09 00:55:00,4797.25,-
279,Exit long,2024-01-09 01:00:00,4797.0,-50
280,Entry long,2024-01-09 05:25:00,4795.0,-
281,Entry long,2024-01-09 05:35:00,4795.75,-
282,Entry long,2024-01-09 06:50:00,4795.0,-
282,Exit long,2024-01-09 06:55:00,4794.75,-50
283,Entry long,2024-01-09 09:05:00,4791.5,-
283,Exit long,2024-01-09 09:10:00,4790.25,-250
284,Entry long,2024-01-09 09:20:00,4790.25,-
284,Exit long,2024-01-09 09:25:00,4788.5,-350
285,Entry long,2024-01-09 09:30:00,4789.0,-
285,Exit long,2024-01-09 09:35:00,4787.75,-250
286,Entry long,2024-01-09 09:45:00,4787.75,-
287,Entry long,2024-01-09 09:55:00,4788.75,-
288,Entry long,2024-01-09 10:15:00,4784.5,-
289,Entry long,2024-01-09 10:25:00,4785.75,-
290,Entry long,2024-01-09 12:10:00,4783.5,-
290,Exit long,2024-01-09 12:15:00,4782.5,-200
291,Entry long,2024-01-09 12:20:00,4783.25,-
291,Exit long,2024-01-09 12:25:00,4782.75,-100
292,Entry long,2024-01-09 12:30:00,4783.75,-
292,Exit long,2024-01-09 12:35:00,4781.5,-450
293,Entry long,2024-01-09 12:45:00,4781.25,-
293,Exit long,2024-01-09 12:50:00,4778.75,-500
294,Entry long,2024-01-09 12:55:00,4778.75,-
295,Entry long,2024-01-09 13:05:00,4780.5,-
296,Entry long,2024-01-09 14:35:00,4778.5,-
296,Exit long,2024-01-09 14:40:00,4775.0,-700
297,Entry long,2024-01-09 14:45:00,4776.0,-
297,Exit long,2024-01-09 14:50:00,4774.75,-250
298,Entry long,2024-01-09 15:00:00,4775.5,-
298,Exit long,2024-01-09 15:05:00,4774.0,-300
299,Entry long,2024-01-09 15:10:00,4774.25,-
299,Exit long,2024-01-09 15:15:00,4772.75,-300
300,Entry long,2024-01-09 15:20:00,4773.0,-
301,Entry long,2024-01-09 15:30:00,4775.0,-
302,Entry long,2024-01-09 19:30:00,4787.5,-
303,Entry long,2024-01-09 21:00:00,4794.0,-
303,Exit long,2024-01-09 21:05:00,4790.25,-750
304,Entry long,2024-01-09 21:15:00,4792.0,-
305,Entry long,2024-01-10 00:10:00,4789.25,-
306,Entry long,2024-01-10 00:20:00,4789.25,-
307,Entry long,2024-01-10 00:30:00,4789.5,-
308,Entry long,2024-01-10 02:15:00,4791.75,-
308,Exit long,2024-01-10 02:20:00,4790.0,-350
309,Entry long,2024-01-10 02:25:00,4790.75,-
310,Entry long,2024-01-10 02:35:00,4791.5,-
310,Exit long,2024-01-10 02:40:00,4790.75,-150
311,Entry long,2024-01-10 02:50:00,4791.25,-
312,Entry long,2024-01-10 04:50:00,4788.5,-
313,Entry long,2024-01-10 05:00:00,4789.5,-
314,Entry long,2024-01-10 06:25:00,4788.0,-
315,Entry long,2024-01-10 06:35:00,4788.25,-
316,Entry long,2024-01-10 11:25:00,4797.5,-
317,Entry long,2024-01-10 11:35:00,4797.25,-
318,Entry long,2024-01-10 11:50:00,4797.25,-
318,Exit long,2024-01-10 11:55:00,4796.5,-150
319,Entry long,2024-01-10 12:00:00,4797.25,-
320,Entry long,2024-01-10 12:10:00,4798.0,-
320,Exit long,2024-01-10 12:15:00,4796.0,-400
321,Entry long,2024-01-10 12:30:00,4793.25,-
322,Entry long,2024-01-10 12:55:00,4791.5,-
323,Entry long,2024-01-10 15:00:00,4790.0,-
324,Entry long,2024-01-11 10:25:00,4830.75,-
325,Entry long,2024-01-11 10:45:00,4827.75,-
326,Entry long,2024-01-11 11:00:00,4827.75,-
326,Exit long,2024-01-11 11:05:00,4826.75,-200
327,Entry long,2024-01-11 11:15:00,4827.75,-
327,Exit long,2024-01-11 11:20:00,4826.5,-250
328,Entry long,2024-01-11 11:30:00,4826.25,-
328,Exit long,2024-01-11 11:35:00,4825.5,-150
329,Entry long,2024-01-11 11:55:00,4825.0,-
330,Entry long,2024-01-11 13:10:00,4824.75,-
331,Entry long,2024-01-11 15:00:00,4810.0,-
332,Entry long,2024-01-11 15:10:00,4815.0,-
333,Entry long,2024-01-11 16:10:00,4788.0,-
334,Entry long,2024-01-11 16:20:00,4798.0,-
335,Entry long,2024-01-11 16:35:00,4802.0,-
336,Entry long,2024-01-11 17:25:00,4780.75,-
336,Exit long,2024-01-11 17:30:00,4778.0,-550
337,Entry long,2024-01-11 17:45:00,4783.5,-
337,Exit long,2024-01-11 17:50:00,4777.5,"-1,200"
338,Entry long,2024-01-11 18:00:00,4781.25,-
339,Entry long,2024-01-12 00:05:00,4810.75,-
340,Entry long,2024-01-12 00:15:00,4811.25,-
341,Entry long,2024-01-12 01:40:00,4808.75,-
341,Exit long,2024-01-12 01:45:00,4809.25,100
342,Entry long,2024-01-12 02:05:00,4804.5,-
342,Exit long,2024-01-12 02:10:00,4803.75,-150
343,Entry long,2024-01-12 02:15:00,4804.5,-
343,Exit long,2024-01-12 02:20:00,4804.0,-100
344,Entry long,2024-01-12 02:25:00,4804.75,-
344,Exit long,2024-01-12 02:30:00,4804.0,-150
345,Entry long,2024-01-12 02:35:00,4805.5,-
346,Entry long,2024-01-12 05:10:00,4808.75,-
346,Exit long,2024-01-12 05:15:00,4806.5,-450
347,Entry long,2024-01-12 05:25:00,4805.25,-
347,Exit long,2024-01-12 05:30:00,4805.25,0
348,Entry long,2024-01-12 05:35:00,4806.75,-
349,Entry long,2024-01-12 05:45:00,4807.0,-
350,Entry long,2024-01-12 08:40:00,4803.0,-
350,Exit long,2024-01-12 08:45:00,4802.0,-200
351,Entry long,2024-01-12 08:50:00,4802.75,-
351,Exit long,2024-01-12 08:55:00,4802.0,-150
352,Entry long,2024-01-12 09:00:00,4805.0,-
353,Entry long,2024-01-12 11:20:00,4815.5,-
354,Entry long,2024-01-12 11:55:00,4811.0,-
355,Entry long,2024-01-12 12:20:00,4808.75,-
356,Entry long,2024-01-12 12:45:00,4793.5,-
357,Entry long,2024-01-12 12:55:00,4799.75,-
358,Entry long,2024-01-12 13:10:00,4801.75,-
358,Exit long,2024-01-12 13:15:00,4799.25,-500
359,Entry long,2024-01-12 16:40:00,4813.75,-
359,Exit long,2024-01-12 16:45:00,4807.25,"-1,300"
360,Entry long,2024-01-12 16:55:00,4808.0,-
361,Entry long,2024-01-12 20:50:00,4814.25,-
361,Exit long,2024-01-12 20:55:00,4812.75,-300
362,Entry long,2024-01-12 21:10:00,4812.0,-
362,Exit long,2024-01-12 21:15:00,4811.0,-200
363,Entry long,2024-01-12 21:20:00,4809.25,-
364,Entry long,2024-01-12 21:35:00,4813.5,-
364,Exit long,2024-01-12 21:40:00,4815.25,350
365,Entry long,2024-01-12 22:40:00,4810.75,-
366,Entry long,2024-01-12 22:55:00,4811.25,-
366,Exit long,2024-01-15 00:00:00,4807.25,-800
367,Entry long,2024-01-15 00:10:00,4808.5,-
367,Exit long,2024-01-15 00:15:00,4807.5,-200
368,Entry long,2024-01-15 00:20:00,4808.0,-
369,Entry long,2024-01-15 00:30:00,4808.25,-
370,Entry long,2024-01-15 02:30:00,4809.5,-
370,Exit long,2024-01-15 02:35:00,4810.75,250
371,Entry long,2024-01-15 06:50:00,4816.0,-
372,Entry long,2024-01-15 08:45:00,4818.25,-
372,Exit long,2024-01-15 08:50:00,4817.5,-150
373,Entry long,2024-01-15 09:00:00,4818.25,-
374,Entry long,2024-01-15 10:00:00,4811.0,-
375,Entry long,2024-01-15 10:10:00,4813.25,-
376,Entry long,2024-01-15 11:35:00,4811.5,-
377,Entry long,2024-01-15 11:45:00,4811.75,-
377,Exit long,2024-01-15 11:50:00,4811.5,-50
378,Entry long,2024-01-15 14:15:00,4809.75,-
379,Entry long,2024-01-15 17:55:00,4811.0,-
380,Entry long,2024-01-16 00:35:00,4809.75,-
380,Exit long,2024-01-16 00:40:00,4809.0,-150
381,Entry long,2024-01-16 00:50:00,4809.25,-
381,Exit long,2024-01-16 00:55:00,4808.5,-150
382,Entry long,2024-01-16 01:00:00,4805.5,-
383,Entry long,2024-01-16 01:10:00,4806.0,-
384,Entry long,2024-01-16 01:40:00,4800.75,-
385,Entry long,2024-01-16 02:00:00,4798.5,-
386,Entry long,2024-01-16 02:10:00,4799.25,-
387,Entry long,2024-01-16 02:20:00,4800.0,-
388,Entry long,2024-01-16 04:25:00,4799.25,-
389,Entry long,2024-01-16 04:35:00,4799.25,-
390,Entry long,2024-01-16 05:05:00,4800.5,-
391,Entry long,2024-01-16 06:30:00,4799.75,-
391,Exit long,2024-01-16 06:35:00,4799.0,-150
392,Entry long,2024-01-16 07:05:00,4794.75,-
393,Entry long,2024-01-16 07:15:00,4796.25,-
394,Entry long,2024-01-16 07:40:00,4796.25,-
394,Exit long,2024-01-16 07:45:00,4796.0,-50
395,Entry long,2024-01-16 09:50:00,4791.5,-
395,Exit long,2024-01-16 09:55:00,4791.0,-100
396,Entry long,2024-01-16 11:20:00,4788.5,-
396,Exit long,2024-01-16 11:25:00,4787.25,-250
397,Entry long,2024-01-16 12:00:00,4788.0,-
398,Entry long,2024-01-16 15:05:00,4795.75,-
399,Entry long,2024-01-16 15:50:00,4787.75,-
400,Entry long,2024-01-16 18:35:00,4794.75,-
400,Exit long,2024-01-16 18:40:00,4792.5,-450
401,Entry long,2024-01-16 18:50:00,4791.25,-
401,Exit long,2024-01-16 18:55:00,4788.5,-550
402,Entry long,2024-01-16 19:00:00,4790.75,-
403,Entry long,2024-01-16 20:10:00,4783.0,-
403,Exit long,2024-01-16 20:15:00,4780.0,-600
404,Entry long,2024-01-16 20:20:00,4783.5,-
405,Entry long,2024-01-16 20:30:00,4786.5,-
406,Entry long,2024-01-16 20:40:00,4786.75,-
407,Entry long,2024-01-17 02:10:00,4795.25,-
408,Entry long,2024-01-17 02:20:00,4795.75,-
409,Entry long,2024-01-17 02:30:00,4796.25,-
409,Exit long,2024-01-17 02:35:00,4795.0,-250
410,Entry long,2024-01-17 02:45:00,4793.5,-
411,Entry long,2024-01-17 03:00:00,4794.25,-
412,Entry long,2024-01-17 03:25:00,4792.5,-
412,Exit long,2024-01-17 03:30:00,4791.75,-150
413,Entry long,2024-01-17 03:45:00,4791.25,-
414,Entry long,2024-01-17 04:00:00,4790.0,-
415,Entry long,2024-01-17 04:25:00,4788.75,-
415,Exit long,2024-01-17 04:30:00,4788.5,-50
416,Entry long,2024-01-17 04:35:00,4789.25,-
417,Entry long,2024-01-17 06:20:00,4786.75,-
418,Entry long,2024-01-17 06:40:00,4786.75,-
418,Exit long,2024-01-17 06:45:00,4786.0,-150
419,Entry long,2024-01-17 07:00:00,4784.75,-
419,Exit long,2024-01-17 07:05:00,4781.0,-750
420,Entry long,2024-01-17 07:10:00,4776.75,-
421,Entry long,2024-01-17 07:20:00,4778.75,-
421,Exit long,2024-01-17 07:25:00,4778.0,-150
422,Entry long,2024-01-17 07:45:00,4777.25,-
423,Entry long,2024-01-17 08:05:00,4776.0,-
424,Entry long,2024-01-17 08:15:00,4773.75,-
425,Entry long,2024-01-17 08:30:00,4773.25,-
426,Entry long,2024-01-17 10:10:00,4769.75,-
427,Entry long,2024-01-17 12:20:00,4774.75,-
428,Entry long,2024-01-17 14:25:00,4777.25,-
429,Entry long,2024-01-17 14:35:00,4775.5,-
429,Exit long,2024-01-17 14:40:00,4769.75,"-1,150"
430,Entry long,2024-01-17 14:50:00,4768.0,-
431,Entry long,2024-01-17 15:05:00,4769.0,-
432,Entry long,2024-01-17 15:35:00,4764.75,-
432,Exit long,2024-01-17 15:40:00,4760.5,-850
433,Entry long,2024-01-17 15:50:00,4761.0,-
434,Entry long,2024-01-17 18:10:00,4768.5,-
435,Entry long,2024-01-17 18:40:00,4761.25,-
436,Entry long,2024-01-17 18:50:00,4765.0,-
437,Entry long,2024-01-17 19:20:00,4754.75,-
438,Entry long,2024-01-17 19:40:00,4751.0,-
438,Exit long,2024-01-17 19:45:00,4747.75,-650
439,Entry long,2024-01-17 19:50:00,4753.5,-
440,Entry long,2024-01-17 20:00:00,4756.0,-
440,Exit long,2024-01-17 20:05:00,4755.0,-200
441,Entry long,2024-01-18 04:15:00,4768.5,-
442,Entry long,2024-01-18 04:30:00,4769.0,-
443,Entry long,2024-01-18 05:10:00,4765.5,-
444,Entry long,2024-01-18 05:30:00,4766.25,-
444,Exit long,2024-01-18 05:35:00,4765.5,-150
445,Entry long,2024-01-18 05:45:00,4764.25,-
446,Entry long,2024-01-18 05:55:00,4765.75,-
447,Entry long,2024-01-18 08:40:00,4768.0,-
448,Entry long,2024-01-18 14:45:00,4786.5,-
449,Entry long,2024-01-18 15:00:00,4785.5,-
450,Entry long,2024-01-18 15:45:00,4783.5,-
450,Exit long,2024-01-18 15:50:00,4780.75,-550
451,Entry long,2024-01-18 18:25:00,4781.75,-
451,Exit long,2024-01-18 18:30:00,4777.0,-950
452,Entry long,2024-01-18 18:35:00,4780.5,-
453,Entry long,2024-01-18 18:45:00,4781.75,-
453,Exit long,2024-01-18 18:50:00,4778.75,-600
454,Entry long,2024-01-18 19:05:00,4775.0,-
455,Entry long,2024-01-18 19:25:00,4773.0,-
456,Entry long,2024-01-19 02:25:00,4810.75,-
457,Entry long,2024-01-19 06:55:00,4812.0,-
458,Entry long,2024-01-19 13:45:00,4830.75,-
459,Entry long,2024-01-19 15:20:00,4829.25,-
459,Exit long,2024-01-19 15:25:00,4822.0,"-1,450"
460,Entry long,2024-01-19 15:45:00,4818.0,-
461,Entry long,2024-01-22 03:10:00,4883.5,-
462,Entry long,2024-01-22 03:35:00,4880.75,-
463,Entry long,2024-01-22 04:25:00,4881.25,-
464,Entry long,2024-01-22 06:55:00,4879.5,-
465,Entry long,2024-01-22 07:30:00,4879.75,-
466,Entry long,2024-01-22 14:45:00,4884.0,-
467,Entry long,2024-01-22 15:10:00,4884.0,-
468,Entry long,2024-01-22 17:05:00,4882.5,-
469,Entry long,2024-01-22 17:15:00,4885.5,-
470,Entry long,2024-01-22 19:30:00,4877.0,-
471,Entry long,2024-01-22 22:20:00,4880.5,-
472,Entry long,2024-01-22 22:35:00,4881.25,-
473,Entry long,2024-01-22 22:45:00,4881.0,-
474,Entry long,2024-01-23 09:20:00,4879.25,-
475,Entry long,2024-01-23 09:30:00,4880.5,-
475,Exit long,2024-01-23 09:35:00,4878.5,-400
476,Entry long,2024-01-23 09:40:00,4879.0,-
477,Entry long,2024-01-23 09:55:00,4878.5,-
478,Entry long,2024-01-23 10:05:00,4879.75,-
479,Entry long,2024-01-23 15:50:00,4884.75,-
480,Entry long,2024-01-23 16:45:00,4878.5,-
480,Exit long,2024-01-23 16:50:00,4877.0,-300
481,Entry long,2024-01-23 16:55:00,4878.0,-
482,Entry long,2024-01-23 17:25:00,4876.0,-
482,Exit long,2024-01-23 17:30:00,4874.5,-300
483,Entry long,2024-01-23 17:35:00,4876.25,-
484,Entry long,2024-01-24 01:35:00,4903.5,-
485,Entry long,2024-01-24 03:05:00,4903.75,-
485,Exit long,2024-01-24 03:10:00,4903.0,-150
486,Entry long,2024-01-24 13:25:00,4915.5,-
487,Entry long,2024-01-24 15:40:00,4918.75,-
487,Exit long,2024-01-24 15:45:00,4915.5,-650
488,Entry long,2024-01-24 16:05:00,4914.75,-
489,Entry long,2024-01-24 19:45:00,4916.5,-
490,Entry long,2024-01-24 19:55:00,4918.25,-
490,Exit long,2024-01-24 20:00:00,4916.75,-300
491,Entry long,2024-01-24 20:15:00,4912.5,-
492,Entry long,2024-01-24 20:25:00,4907.25,-
492,Exit long,2024-01-24 20:30:00,4906.25,-200
493,Entry long,2024-01-24 20:35:00,4908.75,-
494,Entry long,2024-01-24 21:05:00,4911.75,-
494,Exit long,2024-01-24 21:10:00,4903.75,"-1,600"
495,Entry long,2024-01-24 21:20:00,4903.25,-
495,Exit long,2024-01-24 21:25:00,4900.0,-650
496,Entry long,2024-01-24 21:55:00,4898.75,-
496,Exit long,2024-01-24 22:00:00,4894.0,-950
497,Entry long,2024-01-24 22:05:00,4891.75,-
498,Entry long,2024-01-24 22:15:00,4892.75,-
498,Exit long,2024-01-24 22:20:00,4892.0,-150
499,Entry long,2024-01-24 22:25:00,4892.5,-
500,Entry long,2024-01-24 22:45:00,4898.5,-
501,Entry long,2024-01-25 02:30:00,4896.0,-
502,Entry long,2024-01-25 04:15:00,4896.0,-
503,Entry long,2024-01-25 09:25:00,4899.75,-
504,Entry long,2024-01-25 14:05:00,4898.5,-
505,Entry long,2024-01-25 18:25:00,4909.25,-
505,Exit long,2024-01-25 18:30:00,4905.25,-800
506,Entry long,2024-01-25 18:35:00,4907.25,-
507,Entry long,2024-01-25 18:55:00,4908.75,-
508,Entry long,2024-01-25 20:10:00,4902.0,-
509,Entry long,2024-01-26 00:10:00,4915.5,-
510,Entry long,2024-01-26 00:20:00,4916.25,-
510,Exit long,2024-01-26 00:25:00,4913.0,-650
511,Entry long,2024-01-26 00:35:00,4914.5,-
512,Entry long,2024-01-26 00:45:00,4914.75,-
513,Entry long,2024-01-26 01:00:00,4914.75,-
514,Entry long,2024-01-26 01:20:00,4912.0,-
515,Entry long,2024-01-26 01:30:00,4913.0,-
515,Exit long,2024-01-26 01:35:00,4913.5,100
516,Entry long,2024-01-26 02:10:00,4910.5,-
517,Entry long,2024-01-26 02:50:00,4911.75,-
518,Entry long,2024-01-26 04:10:00,4911.0,-
518,Exit long,2024-01-26 04:15:00,4910.25,-150
519,Entry long,2024-01-26 04:25:00,4910.25,-
520,Entry long,2024-01-26 04:40:00,4910.0,-
521,Entry long,2024-01-26 04:50:00,4910.75,-
521,Exit long,2024-01-26 04:55:00,4909.75,-200
522,Entry long,2024-01-26 05:15:00,4908.5,-
522,Exit long,2024-01-26 05:20:00,4906.75,-350
523,Entry long,2024-01-26 05:30:00,4906.0,-
523,Exit long,2024-01-26 05:35:00,4904.5,-300
524,Entry long,2024-01-26 05:45:00,4902.5,-
524,Exit long,2024-01-26 05:50:00,4901.75,-150
525,Entry long,2024-01-26 05:55:00,4902.5,-
526,Entry long,2024-01-26 06:05:00,4904.25,-
527,Entry long,2024-01-26 07:20:00,4903.0,-
527,Exit long,2024-01-26 07:25:00,4900.75,-450
528,Entry long,2024-01-26 07:40:00,4903.0,-
528,Exit long,2024-01-26 07:45:00,4902.0,-200
529,Entry long,2024-01-26 07:50:00,4902.75,-
530,Entry long,2024-01-26 08:50:00,4899.5,-
531,Entry long,2024-01-26 14:35:00,4916.25,-
531,Exit long,2024-01-26 14:40:00,4923.0,"1,350"
532,Entry long,2024-01-26 15:55:00,4919.75,-
532,Exit long,2024-01-26 16:00:00,4917.0,-550
533,Entry long,2024-01-26 18:40:00,4916.0,-
533,Exit long,2024-01-26 18:45:00,4910.0,"-1,200"
534,Entry long,2024-01-26 18:50:00,4914.0,-
535,Entry long,2024-01-26 19:05:00,4914.5,-
535,Exit long,2024-01-26 19:10:00,4913.75,-150
536,Entry long,2024-01-26 19:20:00,4915.5,-
537,Entry long,2024-01-26 19:30:00,4916.75,-
537,Exit long,2024-01-26 19:35:00,4914.5,-450
538,Entry long,2024-01-26 19:50:00,4909.75,-
538,Exit long,2024-01-26 19:55:00,4912.0,450
539,Entry long,2024-01-26 21:55:00,4917.0,-
539,Exit long,2024-01-26 22:00:00,4915.0,-400
540,Entry long,2024-01-26 22:15:00,4915.25,-
541,Entry long,2024-01-29 00:00:00,4905.25,-
542,Entry long,2024-01-29 00:10:00,4906.5,-
543,Entry long,2024-01-29 00:25:00,4905.75,-
543,Exit long,2024-01-29 00:30:00,4904.25,-300
544,Entry long,2024-01-29 00:35:00,4905.5,-
544,Exit long,2024-01-29 00:40:00,4904.75,-150
545,Entry long,2024-01-29 01:05:00,4904.75,-
545,Exit long,2024-01-29 01:10:00,4904.0,-150
546,Entry long,2024-01-29 10:45:00,4915.0,-
546,Exit long,2024-01-29 10:50:00,4913.75,-250
547,Entry long,2024-01-29 11:00:00,4915.0,-
548,Entry long,2024-01-29 11:10:00,4915.75,-
548,Exit long,2024-01-29 11:15:00,4915.5,-50
549,Entry long,2024-01-29 13:50:00,4917.75,-
550,Entry long,2024-01-29 14:25:00,4916.75,-
550,Exit long,2024-01-29 14:30:00,4915.75,-200
551,Entry long,2024-01-29 14:35:00,4916.25,-
552,Entry long,2024-01-29 14:50:00,4916.25,-
553,Entry long,2024-01-30 03:20:00,4953.75,-
554,Entry long,2024-01-30 05:00:00,4953.25,-
555,Entry long,2024-01-30 05:10:00,4953.75,-
556,Entry long,2024-01-30 05:50:00,4953.0,-
556,Exit long,2024-01-30 05:55:00,4952.75,-50
557,Entry long,2024-01-30 08:00:00,4950.0,-
557,Exit long,2024-01-30 08:05:00,4948.5,-300
558,Entry long,2024-01-30 08:15:00,4947.0,-
559,Entry long,2024-01-30 08:25:00,4948.5,-
560,Entry long,2024-01-30 08:45:00,4948.25,-
561,Entry long,2024-01-30 10:40:00,4949.25,-
562,Entry long,2024-01-30 12:20:00,4947.0,-
563,Entry long,2024-01-30 12:30:00,4948.0,-
564,Entry long,2024-01-30 12:45:00,4948.0,-
565,Entry long,2024-01-30 14:05:00,4944.5,-
565,Exit long,2024-01-30 14:10:00,4943.0,-300
566,Entry long,2024-01-30 14:20:00,4942.25,-
567,Entry long,2024-01-30 14:30:00,4944.0,-
567,Exit long,2024-01-30 14:35:00,4943.75,-50
568,Entry long,2024-01-30 14:45:00,4943.25,-
569,Entry long,2024-01-30 15:00:00,4944.0,-
570,Entry long,2024-01-30 16:55:00,4947.25,-
571,Entry long,2024-01-30 18:35:00,4945.0,-
572,Entry long,2024-01-30 18:45:00,4946.5,-
573,Entry long,2024-01-30 19:05:00,4944.5,-
574,Entry long,2024-01-30 19:15:00,4947.5,-
575,Entry long,2024-01-30 22:10:00,4945.0,-
575,Exit long,2024-01-30 22:15:00,4941.75,-650
576,Entry long,2024-01-30 22:40:00,4937.5,-
576,Exit long,2024-01-30 22:45:00,4935.25,-450
577,Entry long,2024-01-31 00:00:00,4931.0,-
578,Entry long,2024-01-31 00:10:00,4931.75,-
579,Entry long,2024-01-31 00:30:00,4930.0,-
579,Exit long,2024-01-31 00:35:00,4929.0,-200
580,Entry long,2024-01-31 00:40:00,4930.5,-
581,Entry long,2024-01-31 00:50:00,4930.5,-
581,Exit long,2024-01-31 00:55:00,4929.75,-150
582,Entry long,2024-01-31 03:15:00,4930.25,-
583,Entry long,2024-01-31 03:30:00,4930.5,-
584,Entry long,2024-01-31 03:50:00,4930.0,-
585,Entry long,2024-01-31 07:35:00,4930.25,-
585,Exit long,2024-01-31 07:40:00,4930.0,-50
586,Entry long,2024-01-31 07:50:00,4929.0,-
586,Exit long,2024-01-31 07:55:00,4928.5,-100
587,Entry long,2024-01-31 10:25:00,4925.25,-
588,Entry long,2024-01-31 10:35:00,4924.25,-
589,Entry long,2024-01-31 10:45:00,4927.75,-
589,Exit long,2024-01-31 10:50:00,4926.75,-200
590,Entry long,2024-01-31 11:15:00,4925.0,-
591,Entry long,2024-01-31 15:05:00,4924.25,-
592,Entry long,2024-01-31 15:25:00,4925.75,-
593,Entry long,2024-01-31 15:45:00,4919.5,-
593,Exit long,2024-01-31 15:50:00,4917.75,-350
594,Entry long,2024-01-31 16:05:00,4917.0,-
594,Exit long,2024-01-31 16:10:00,4911.5,"-1,100"
595,Entry long,2024-01-31 16:15:00,4914.0,-
595,Exit long,2024-01-31 16:20:00,4912.75,-250
596,Entry long,2024-01-31 16:40:00,4906.0,-
597,Entry long,2024-01-31 16:55:00,4906.75,-
598,Entry long,2024-01-31 20:10:00,4903.25,-
598,Exit long,2024-01-31 20:15:00,4899.0,-850
599,Entry long,2024-01-31 20:25:00,4901.0,-
600,Entry long,2024-01-31 21:05:00,4887.0,-
601,Entry long,2024-01-31 21:45:00,4875.75,-
602,Entry long,2024-01-31 22:00:00,4874.25,-
603,Entry long,2024-01-31 22:10:00,4872.0,-
604,Entry long,2024-01-31 22:30:00,4869.75,-
605,Entry long,2024-01-31 22:40:00,4869.5,-
606,Entry long,2024-02-01 04:40:00,4881.0,-
607,Entry long,2024-02-01 04:50:00,4882.25,-
608,Entry long,2024-02-01 06:45:00,4881.5,-
608,Exit long,2024-02-01 06:50:00,4880.5,-200
609,Entry long,2024-02-01 07:00:00,4880.0,-
610,Entry long,2024-02-01 07:10:00,4880.25,-
610,Exit long,2024-02-01 07:15:00,4879.25,-200
611,Entry long,2024-02-01 07:25:00,4878.0,-
611,Exit long,2024-02-01 07:30:00,4877.25,-150
612,Entry long,2024-02-01 08:00:00,4875.75,-
612,Exit long,2024-02-01 08:05:00,4874.5,-250
613,Entry long,2024-02-01 08:10:00,4875.5,-
614,Entry long,2024-02-01 12:30:00,4886.75,-
614,Exit long,2024-02-01 12:35:00,4887.75,200
615,Entry long,2024-02-01 14:25:00,4885.25,-
616,Entry long,2024-02-01 17:00:00,4878.25,-
617,Entry long,2024-02-01 17:10:00,4877.5,-
618,Entry long,2024-02-01 17:20:00,4882.75,-
619,Entry long,2024-02-02 01:05:00,4952.0,-
619,Exit long,2024-02-02 01:10:00,4951.75,-50
620,Entry long,2024-02-02 01:25:00,4952.0,-
621,Entry long,2024-02-02 04:40:00,4956.0,-
622,Entry long,2024-02-02 04:50:00,4956.5,-
622,Exit long,2024-02-02 04:55:00,4955.75,-150
623,Entry long,2024-02-02 05:20:00,4956.0,-
624,Entry long,2024-02-02 05:55:00,4954.75,-
625,Entry long,2024-02-02 08:45:00,4953.5,-
626,Entry long,2024-02-02 09:05:00,4953.25,-
626,Exit long,2024-02-02 09:10:00,4952.0,-250
627,Entry long,2024-02-02 10:50:00,4953.5,-
628,Entry long,2024-02-02 11:10:00,4955.5,-
629,Entry long,2024-02-02 14:25:00,4958.0,-
629,Exit long,2024-02-02 14:30:00,4937.5,"-4,100"
630,Entry long,2024-02-02 14:35:00,4941.25,-
631,Entry long,2024-02-02 15:00:00,4928.75,-
632,Entry long,2024-02-02 15:10:00,4930.25,-
632,Exit long,2024-02-02 15:15:00,4930.5,50
633,Entry long,2024-02-02 15:25:00,4933.0,-
634,Entry long,2024-02-02 15:35:00,4936.75,-
634,Exit long,2024-02-02 15:40:00,4938.25,300
635,Entry long,2024-02-02 22:05:00,4978.5,-
636,Entry long,2024-02-02 22:25:00,4978.5,-
636,Exit long,2024-02-02 22:30:00,4977.75,-150
637,Entry long,2024-02-02 22:40:00,4976.25,-
638,Entry long,2024-02-05 00:00:00,4976.75,-
639,Entry long,2024-02-05 01:40:00,4968.25,-
640,Entry long,2024-02-05 01:55:00,4968.25,-
641,Entry long,2024-02-05 02:05:00,4969.0,-
641,Exit long,2024-02-05 02:10:00,4967.25,-350
642,Entry long,2024-02-05 02:15:00,4967.5,-
643,Entry long,2024-02-05 02:25:00,4966.75,-
644,Entry long,2024-02-05 04:30:00,4965.0,-
645,Entry long,2024-02-05 04:40:00,4965.25,-
646,Entry long,2024-02-05 10:30:00,4967.5,-
647,Entry long,2024-02-05 10:40:00,4968.25,-
647,Exit long,2024-02-05 10:45:00,4966.0,-450
648,Entry long,2024-02-05 10:55:00,4965.75,-
649,Entry long,2024-02-05 11:05:00,4967.25,-
650,Entry long,2024-02-05 14:35:00,4966.0,-
651,Entry long,2024-02-05 14:45:00,4967.5,-
651,Exit long,2024-02-05 14:50:00,4965.75,-350
652,Entry long,2024-02-05 15:00:00,4966.25,-
652,Exit long,2024-02-05 15:05:00,4964.25,-400
653,Entry long,2024-02-05 15:10:00,4967.0,-
654,Entry long,2024-02-05 16:10:00,4955.5,-
655,Entry long,2024-02-05 16:20:00,4946.5,-
656,Entry long,2024-02-05 16:30:00,4948.25,-
656,Exit long,2024-02-05 16:35:00,4947.75,-100
657,Entry long,2024-02-05 16:45:00,4943.75,-
658,Entry long,2024-02-05 16:55:00,4943.75,-
659,Entry long,2024-02-05 17:05:00,4950.0,-
660,Entry long,2024-02-05 22:00:00,4960.5,-
661,Entry long,2024-02-05 22:40:00,4959.0,-
662,Entry long,2024-02-05 22:50:00,4959.0,-
663,Entry long,2024-02-06 00:00:00,4960.25,-
664,Entry long,2024-02-06 07:00:00,4965.25,-
664,Exit long,2024-02-06 07:05:00,4965.25,0
665,Entry long,2024-02-06 07:15:00,4965.0,-
666,Entry long,2024-02-06 07:35:00,4964.75,-
667,Entry long,2024-02-06 07:45:00,4965.0,-
667,Exit long,2024-02-06 07:50:00,4964.5,-100
668,Entry long,2024-02-06 09:50:00,4966.25,-
668,Exit long,2024-02-06 09:55:00,4965.0,-250
669,Entry long,2024-02-06 10:00:00,4966.75,-
670,Entry long,2024-02-06 10:10:00,4967.0,-
671,Entry long,2024-02-06 10:55:00,4963.25,-
672,Entry long,2024-02-06 11:20:00,4961.5,-
673,Entry long,2024-02-06 11:35:00,4959.75,-
674,Entry long,2024-02-06 11:45:00,4960.5,-
675,Entry long,2024-02-06 12:45:00,4956.25,-
676,Entry long,2024-02-06 13:30:00,4956.5,-
677,Entry long,2024-02-06 16:05:00,4961.25,-
677,Exit long,2024-02-06 16:10:00,4958.25,-600
678,Entry long,2024-02-06 16:25:00,4959.75,-
679,Entry long,2024-02-06 16:50:00,4963.75,-
680,Entry long,2024-02-06 17:00:00,4962.25,-
681,Entry long,2024-02-06 18:00:00,4958.75,-
682,Entry long,2024-02-06 18:15:00,4958.75,-
682,Exit long,2024-02-06 18:20:00,4957.75,-200
683,Entry long,2024-02-06 18:30:00,4962.0,-
684,Entry long,2024-02-07 03:30:00,4979.0,-
684,Exit long,2024-02-07 03:35:00,4978.5,-100
685,Entry long,2024-02-07 03:45:00,4978.5,-
686,Entry long,2024-02-07 04:40:00,4977.25,-
686,Exit long,2024-02-07 04:45:00,4976.75,-100
687,Entry long,2024-02-07 04:50:00,4976.5,-
687,Exit long,2024-02-07 04:55:00,4975.5,-200
688,Entry long,2024-02-07 05:05:00,4975.0,-
688,Exit long,2024-02-07 05:10:00,4974.25,-150
689,Entry long,2024-02-07 05:15:00,4975.0,-
689,Exit long,2024-02-07 05:20:00,4974.5,-100
690,Entry long,2024-02-07 05:25:00,4975.0,-
691,Entry long,2024-02-07 05:35:00,4975.0,-
692,Entry long,2024-02-07 05:45:00,4975.0,-
693,Entry long,2024-02-07 05:55:00,4975.25,-
694,Entry long,2024-02-07 06:40:00,4974.0,-
695,Entry long,2024-02-07 07:30:00,4972.75,-
696,Entry long,2024-02-07 11:50:00,4970.75,-
697,Entry long,2024-02-07 12:00:00,4972.25,-
698,Entry long,2024-02-07 12:15:00,4972.5,-
699,Entry long,2024-02-07 17:35:00,5006.0,-
700,Entry long,2024-02-08 00:40:00,5012.75,-
701,Entry long,2024-02-08 00:50:00,5013.0,-
702,Entry long,2024-02-08 04:15:00,5013.25,-
703,Entry long,2024-02-08 04:30:00,5013.0,-
704,Entry long,2024-02-08 06:50:00,5013.0,-
705,Entry long,2024-02-08 09:25:00,5011.5,-
706,Entry long,2024-02-08 09:35:00,5012.0,-
707,Entry long,2024-02-08 09:55:00,5011.5,-
708,Entry long,2024-02-08 10:10:00,5012.25,-
709,Entry long,2024-02-08 11:55:00,5010.25,-
710,Entry long,2024-02-08 12:30:00,5005.5,-
711,Entry long,2024-02-08 12:40:00,5007.5,-
711,Exit long,2024-02-08 12:45:00,5006.25,-250
712,Entry long,2024-02-09 00:05:00,5014.75,-
712,Exit long,2024-02-09 00:10:00,5013.75,-200
713,Entry long,2024-02-09 01:55:00,5013.25,-
714,Entry long,2024-02-09 02:15:00,5015.0,-
714,Exit long,2024-02-09 02:20:00,5013.75,-250
715,Entry long,2024-02-09 02:50:00,5013.75,-
716,Entry long,2024-02-09 07:05:00,5013.75,-
717,Entry long,2024-02-09 07:20:00,5014.0,-
717,Exit long,2024-02-09 07:25:00,5013.75,-50
718,Entry long,2024-02-09 07:30:00,5014.25,-
719,Entry long,2024-02-09 07:50:00,5014.25,-
719,Exit long,2024-02-09 07:55:00,5014.0,-50
720,Entry long,2024-02-09 10:45:00,5019.75,-
721,Entry long,2024-02-09 15:40:00,5023.75,-
722,Entry long,2024-02-09 15:50:00,5022.5,-
723,Entry long,2024-02-09 18:05:00,5027.5,-
724,Entry long,2024-02-09 21:50:00,5042.0,-
725,Entry long,2024-02-12 00:05:00,5040.5,-
726,Entry long,2024-02-12 00:15:00,5040.25,-
727,Entry long,2024-02-12 03:00:00,5043.0,-
727,Exit long,2024-02-12 03:05:00,5042.75,-50
728,Entry long,2024-02-12 03:10:00,5043.0,-
729,Entry long,2024-02-12 03:30:00,5043.0,-
730,Entry long,2024-02-12 03:45:00,5043.25,-
731,Entry long,2024-02-12 06:30:00,5041.75,-
731,Exit long,2024-02-12 06:35:00,5041.25,-100
732,Entry long,2024-02-12 06:40:00,5041.5,-
732,Exit long,2024-02-12 06:45:00,5041.0,-100
733,Entry long,2024-02-12 06:50:00,5041.0,-
734,Entry long,2024-02-12 07:00:00,5041.25,-
735,Entry long,2024-02-12 13:30:00,5043.25,-
735,Exit long,2024-02-12 13:35:00,5043.0,-50
736,Entry long,2024-02-12 13:40:00,5043.5,-
737,Entry long,2024-02-12 14:00:00,5044.0,-
737,Exit long,2024-02-12 14:05:00,5045.0,200
738,Entry long,2024-02-12 15:15:00,5040.75,-
739,Entry long,2024-02-12 19:35:00,5050.75,-
740,Entry long,2024-02-12 19:45:00,5050.75,-
741,Entry long,2024-02-12 19:55:00,5052.0,-
741,Exit long,2024-02-12 20:00:00,5050.75,-250
742,Entry long,2024-02-12 20:05:00,5051.5,-
742,Exit long,2024-02-12 20:10:00,5050.0,-300
743,Entry long,2024-02-12 20:20:00,5041.0,-
744,Entry long,2024-02-12 20:30:00,5041.75,-
745,Entry long,2024-02-12 20:40:00,5041.75,-
745,Exit long,2024-02-12 20:45:00,5039.5,-450
746,Entry long,2024-02-12 21:00:00,5038.25,-
747,Entry long,2024-02-12 21:10:00,5041.0,-
748,Entry long,2024-02-12 22:25:00,5033.75,-
749,Entry long,2024-02-12 22:40:00,5033.75,-
750,Entry long,2024-02-12 22:50:00,5034.5,-
751,Entry long,2024-02-13 00:15:00,5033.25,-
751,Exit long,2024-02-13 00:20:00,5034.75,300
752,Entry long,2024-02-13 01:30:00,5032.75,-
753,Entry long,2024-02-13 01:50:00,5032.75,-
754,Entry long,2024-02-13 04:40:00,5033.25,-
754,Exit long,2024-02-13 04:45:00,5033.0,-50
755,Entry long,2024-02-13 05:10:00,5032.5,-
756,Entry long,2024-02-13 05:20:00,5032.75,-
757,Entry long,2024-02-13 08:50:00,5037.5,-
757,Exit long,2024-02-13 08:55:00,5039.5,400
758,Entry long,2024-02-13 09:30:00,5033.5,-
758,Exit long,2024-02-13 09:35:00,5032.0,-300
759,Entry long,2024-02-13 09:45:00,5028.0,-
760,Entry long,2024-02-13 10:05:00,5025.5,-
760,Exit long,2024-02-13 10:10:00,5024.25,-250
761,Entry long,2024-02-13 10:15:00,5026.5,-
762,Entry long,2024-02-13 10:35:00,5024.25,-
763,Entry long,2024-02-13 10:45:00,5023.75,-
764,Entry long,2024-02-13 10:55:00,5024.5,-
765,Entry long,2024-02-13 11:25:00,5022.25,-
766,Entry long,2024-02-13 13:10:00,5019.5,-
767,Entry long,2024-02-13 14:55:00,4978.0,-
767,Exit long,2024-02-13 15:00:00,4973.25,-950
768,Entry long,2024-02-13 15:10:00,4971.25,-
769,Entry long,2024-02-13 15:25:00,4974.75,-
770,Entry long,2024-02-13 15:40:00,4972.5,-
770,Exit long,2024-02-13 15:45:00,4971.0,-300
771,Entry long,2024-02-13 15:50:00,4972.0,-
771,Exit long,2024-02-13 15:55:00,4968.0,-800
772,Entry long,2024-02-13 18:15:00,4978.75,-
772,Exit long,2024-02-13 18:20:00,4978.0,-150
773,Entry long,2024-02-13 19:00:00,4971.0,-
774,Entry long,2024-02-13 19:10:00,4973.25,-
775,Entry long,2024-02-13 19:50:00,4964.25,-
776,Entry long,2024-02-13 20:15:00,4951.0,-
776,Exit long,2024-02-13 20:20:00,4949.5,-300
777,Entry long,2024-02-13 20:25:00,4950.5,-
778,Entry long,2024-02-13 20:35:00,4957.25,-
778,Exit long,2024-02-13 20:40:00,4953.5,-750
779,Entry long,2024-02-13 20:55:00,4943.0,-
779,Exit long,2024-02-13 21:00:00,4939.75,-650
780,Entry long,2024-02-13 21:05:00,4941.0,-
781,Entry long,2024-02-13 21:20:00,4938.25,-
782,Entry long,2024-02-14 01:40:00,4971.0,-
783,Entry long,2024-02-14 04:25:00,4971.0,-
783,Exit long,2024-02-14 04:30:00,4970.0,-200
784,Entry long,2024-02-14 12:10:00,4989.0,-
784,Exit long,2024-02-14 12:15:00,4988.75,-50
785,Entry long,2024-02-14 12:35:00,4987.25,-
786,Entry long,2024-02-14 17:00:00,4983.0,-
787,Entry long,2024-02-14 17:10:00,4984.75,-
788,Entry long,2024-02-14 17:25:00,4991.5,-
788,Exit long,2024-02-14 17:30:00,4990.25,-250
789,Entry long,2024-02-14 17:35:00,4991.25,-
789,Exit long,2024-02-14 17:40:00,4985.0,"-1,250"
790,Entry long,2024-02-14 17:45:00,4987.0,-
791,Entry long,2024-02-14 18:05:00,4979.25,-
792,Entry long,2024-02-15 00:25:00,5018.5,-
793,Entry long,2024-02-15 00:40:00,5018.5,-
794,Entry long,2024-02-15 01:20:00,5016.25,-
794,Exit long,2024-02-15 01:25:00,5016.0,-50
795,Entry long,2024-02-15 01:35:00,5017.0,-
795,Exit long,2024-02-15 01:40:00,5016.25,-150
796,Entry long,2024-02-15 02:00:00,5014.0,-
797,Entry long,2024-02-15 02:10:00,5013.0,-
798,Entry long,2024-02-15 02:20:00,5012.5,-
798,Exit long,2024-02-15 02:25:00,5012.25,-50
799,Entry long,2024-02-15 02:30:00,5012.75,-
799,Exit long,2024-02-15 02:35:00,5011.75,-200
800,Entry long,2024-02-15 02:45:00,5012.75,-
801,Entry long,2024-02-15 03:10:00,5012.0,-
802,Entry long,2024-02-15 10:55:00,5025.25,-
803,Entry long,2024-02-15 11:50:00,5022.75,-
803,Exit long,2024-02-15 11:55:00,5024.0,250
804,Entry long,2024-02-15 17:15:00,5018.5,-
804,Exit long,2024-02-15 17:20:00,5018.75,50
805,Entry long,2024-02-15 17:25:00,5020.75,-
806,Entry long,2024-02-16 00:35:00,5048.5,-
807,Entry long,2024-02-16 01:15:00,5046.25,-
807,Exit long,2024-02-16 01:20:00,5044.75,-300
808,Entry long,2024-02-16 01:30:00,5044.0,-
808,Exit long,2024-02-16 01:35:00,5043.75,-50
809,Entry long,2024-02-16 01:50:00,5042.5,-
810,Entry long,2024-02-16 02:10:00,5042.5,-
811,Entry long,2024-02-16 02:20:00,5043.25,-
812,Entry long,2024-02-16 02:40:00,5041.25,-
813,Entry long,2024-02-16 06:45:00,5044.75,-
813,Exit long,2024-02-16 06:50:00,5043.75,-200
814,Entry long,2024-02-16 07:00:00,5043.5,-
815,Entry long,2024-02-16 07:10:00,5044.25,-
816,Entry long,2024-02-16 12:55:00,5056.75,-
816,Exit long,2024-02-16 13:00:00,5056.25,-100
817,Entry long,2024-02-16 13:20:00,5054.5,-
817,Exit long,2024-02-16 13:25:00,5053.5,-200
818,Entry long,2024-02-16 13:35:00,5053.5,-
818,Exit long,2024-02-16 13:40:00,5052.75,-150
819,Entry long,2024-02-16 13:45:00,5054.25,-
819,Exit long,2024-02-16 13:50:00,5053.0,-250
820,Entry long,2024-02-16 14:00:00,5053.75,-
821,Entry long,2024-02-16 14:35:00,5037.25,-
821,Exit long,2024-02-16 14:40:00,5034.5,-550
822,Entry long,2024-02-16 14:45:00,5031.75,-
823,Entry long,2024-02-16 14:55:00,5041.0,-
824,Entry long,2024-02-16 15:05:00,5042.5,-
825,Entry long,2024-02-16 15:25:00,5042.75,-
825,Exit long,2024-02-16 15:30:00,5036.25,"-1,300"
826,Entry long,2024-02-16 16:00:00,5023.25,-
827,Entry long,2024-02-16 16:10:00,5027.25,-
828,Entry long,2024-02-16 16:25:00,5028.0,-
828,Exit long,2024-02-16 16:30:00,5026.0,-400
829,Entry long,2024-02-16 19:05:00,5037.25,-
830,Entry long,2024-02-16 19:15:00,5036.25,-
831,Entry long,2024-02-16 20:55:00,5031.25,-
831,Exit long,2024-02-16 21:00:00,5028.25,-600
832,Entry long,2024-02-16 21:15:00,5030.0,-
833,Entry long,2024-02-16 21:25:00,5031.25,-
834,Entry long,2024-02-16 21:50:00,5020.5,-
835,Entry long,2024-02-16 22:10:00,5015.5,-
836,Entry long,2024-02-16 22:20:00,5016.5,-
836,Exit long,2024-02-16 22:25:00,5016.0,-100
837,Entry long,2024-02-16 22:40:00,5014.75,-
838,Entry long,2024-02-16 22:50:00,5014.75,-
838,Exit long,2024-02-16 22:55:00,5014.5,-50
